Company,Tax Haven Subsidiaries,Location of Tax Haven Subsidiaries,Amount Held Offshore ($ millions),Tax Rate Paid on Offshore Cash,Estimated U.S. Tax Bill on Offshore Cash,State Located
3M,13,"Hong Kong(1), Luxembourg(3), Netherlands(1), Panama(1), Singapore(4), Switzerland(3)",11200,,,Minnesota
Abbott Laboratories,91,"Bahamas(2), Barbados(1), Bermuda(6), British Virgin Islands(1), Cayman Islands(4), Costa Rica(3), Cyprus(1), Gibraltar(3), Ireland(13), Lebanon(1), Luxembourg(7), Malta(2), Netherlands(23), Panama(13), Singapore(5), Switzerland(5), U.S. Virgin Islands(1)",23000,,,Illinois
AbbVie Inc,35,"Bahamas(1), Bermuda(3), Channel Islands(3), Cyprus(1), Gibraltar(2), Hong Kong(1), Ireland(5), Luxembourg(5), Netherlands(9), Panama(1), Singapore(2), Switzerland(2)",23000,,,Illinois
Advance Auto Parts,,,108,,,Virginia
Advanced Micro Devices,3,"Barbados(1), Bermuda(1), Singapore(1)",349,0,122,California
AECOM Technology,,,977,,,California
AES,206,"Bahamas(1), Barbados(1), Bermuda(6), British Virgin Islands(10), Cayman Islands(83), Channel Islands(1), Costa Rica(1), Cyprus(2), Hong Kong(1), Ireland(3), Jordan(2), Luxembourg(1), Mauritius(3), Netherlands(78), Panama(7), Singapore(6)",,,,Virginia
Aetna,11,"Bermuda(5), Cayman Islands(1), Hong Kong(2), Ireland(1), Singapore(2)",,,,Connecticut
AGCO,17,"Hong Kong(1), Ireland(2), Luxembourg(1), Netherlands(10), Singapore(1), Switzerland(2)",3300,,,Georgia
Agilent Technologies,7,"Luxembourg(2), Netherlands(1), Singapore(3), Switzerland(1)",5700,,,California
Air products & Chemicals,14,"Bahrain(1), Bermuda(1), Ireland(3), Netherlands(5), Panama(1), Singapore(2), Switzerland(1)",5894,0.1,1466,Pennsylvania
AK Steel Holding,4,"Cayman Islands(1), Netherlands(1), Singapore(1), Vanuatu(1)",27,0,10,Ohio
Alcoa,2,"Luxembourg(1), Netherlands(1)",4600,,,New York
Alleghany,5,"Gibraltar(1), Panama(2), Switzerland(2)",,,,New York
Allergan,28,"Bermuda(5), Cayman Islands(2), Costa Rica(1), Hong Kong(2), Ireland(10), Luxembourg(1), Netherlands(4), Singapore(1), Switzerland(2)",4485,,,California
Alliance Data Systems,33,"Bermuda(3), Hong Kong(3), Ireland(3), Luxembourg(2), Netherlands(19), Singapore(1), Switzerland(2)",55,,,Texas
Allstate,2,"Barbados(1), Ireland(1)",,,,Illinois
Amazon.com,2,Luxembourg(2),2500,,,Washington
American Express,23,"Bahrain(1), Channel Islands(5), Hong Kong(1), Luxembourg(4), Netherlands(8), Netherlands Antilles(1), Singapore(1), Switzerland(2)",9700,0.04,3000,New York
American Financial Group,2,"Bermuda(1), Cayman Islands(1)",,,,Ohio
American International Group,17,"Bahrain(1), Bermuda(4), Cyprus(1), Hong Kong(2), Ireland(2), Lebanon(1), Liechtenstein(1), Panama(1), Singapore(3), Switzerland(1)",,,,New York
Ameriprise Financial,18,"Channel Islands(9), Hong Kong(1), Luxembourg(3), Singapore(1), Switzerland(4)",180,0.13,40,Minnesota
AmerisourceBergen,,,217,,,Pennsylvania
Amgen,8,"Bermuda(3), Ireland(1), Netherlands(2), Switzerland(2)",29300,-0.01,10500,California
Amphenol,15,"Hong Kong(5), Ireland(1), Luxembourg(2), Netherlands(3), Samoa(2), Singapore(2)",,,,Connecticut
AMR,3,"Bermuda(2), St. Lucia(1)",,,,Texas
Anadarko Petroleum,9,"Barbados(1), Cayman Islands(3), Gibraltar(2), Luxembourg(2), Netherlands(1)",,,,Texas
Anixter International,14,"Barbados(1), Costa Rica(1), Hong Kong(2), Ireland(1), Netherlands(6), Panama(1), Singapore(1), Switzerland(1)",679,0.27,52,Illinois
Apache,57,"Cayman Islands(44), Luxembourg(8), Netherlands(1), Singapore(2), St. Lucia(1), Switzerland(1)",,,,Texas
Apple,3,Ireland(3),181100,0.02,59200,California
Applied Materials,21,"Cayman Islands(1), Gibraltar(1), Hong Kong(3), Ireland(1), Luxembourg(6), Netherlands(3), Singapore(3), Switzerland(3)",2700,,,California
Aramark,18,"Bermuda(1), British Virgin Islands(3), Cayman Islands(1), Hong Kong(1), Ireland(10), Luxembourg(1), Netherlands(1)",,,,Pennsylvania
Archer Daniels Midland,4,"Cayman Islands(1), Netherlands(2), Switzerland(1)",8600,,,Illinois
ARRIS Group,10,"Barbados(1), Hong Kong(2), Ireland(1), Luxembourg(2), Netherlands(2), Singapore(1), Switzerland(1)",48,,,Georgia
Arrow Electronics,51,"British Virgin Islands(1), Cayman Islands(3), Channel Islands(1), Hong Kong(15), Ireland(1), Luxembourg(1), Mauritius(1), Netherlands(11), Seychelles(1), Singapore(15), Switzerland(1)",2947,,,Colorado
Ashland,33,"Barbados(1), Bermuda(5), British Virgin Islands(1), Cyprus(1), Gibraltar(2), Hong Kong(2), Ireland(2), Luxembourg(1), Netherlands(11), Singapore(3), Switzerland(2), U.S. Virgin Islands(2)",1800,,,Kentucky
Assurant,12,"Bermuda(1), Cayman Islands(4), Ireland(1), Isle of Man(1), Malta(1), Netherlands(2), Turks and Caicos(2)",163,0.34,1,New York
Autoliv,3,Netherlands(3),4000,,,Michigan
Automatic Data Processing,,,418,,,New Jersey
AutoNation,1,Cayman Islands(1),,,,Florida
AutoZone,,,345,,,Tennessee
Avery Dennison,70,"British Virgin Islands(9), Channel Islands(1), Gibraltar(2), Hong Kong(8), Ireland(2), Luxembourg(13), Mauritius(2), Netherlands(25), Singapore(5), Switzerland(3)",2200,,,California
Avis Budget Group,24,"Barbados(1), Channel Islands(5), Isle of Man(3), Luxembourg(3), Monaco(1), Netherlands(6), Singapore(1), Switzerland(3), U.S. Virgin Islands(1)",853,,,New Jersey
Avnet,43,"British Virgin Islands(3), Hong Kong(16), Ireland(4), Macau(1), Malta(1), Netherlands(7), Singapore(9), Switzerland(2)",3060,,,Arizona
Avon Products,28,"Bermuda(4), Cayman Islands(10), Hong Kong(1), Ireland(1), Luxembourg(1), Mauritius(1), Netherlands(6), Panama(2), Singapore(1), Switzerland(1)",,,,New York
Baker Hughes,11,"Luxembourg(8), Netherlands(3)",6100,,,Texas
Ball,29,"British Virgin Islands(4), Cayman Islands(2), Hong Kong(9), Luxembourg(5), Netherlands(6), Singapore(1), Switzerland(2)",,,,Colorado
Bank of America Corp.,22,"Bermuda(2), Cayman Islands(1), Channel Islands(1), Costa Rica(1), Hong Kong(3), Ireland(1), Luxembourg(3), Netherlands(2), Singapore(6), Switzerland(2)",17200,0.09,4500,North Carolina
Bank of New York Mellon Corp.,5,"Channel Islands(1), Ireland(3), Luxembourg(1)",6000,0.15,1200,New York
Baxter International,19,"Costa Rica(1), Hong Kong(1), Ireland(2), Malta(2), Netherlands(4), Singapore(2), Switzerland(7)",13900,0.05,4200,Illinois
BB&T Corp.,3,"Bermuda(1), Cayman Islands(1), Turks and Caicos(1)",,,,North Carolina
Becton Dickinson,38,"Bermuda(2), British Virgin Islands(1), Cayman Islands(3), Gibraltar(4), Hong Kong(1), Ireland(4), Luxembourg(8), Mauritius(1), Netherlands(5), Singapore(5), Switzerland(4)",4900,,,New Jersey
Berkshire Hathaway,9,"Cayman Islands(1), Gibraltar(2), Luxembourg(2), Netherlands(4)",10000,,,Nebraska
Best Buy,13,"Bermuda(1), Hong Kong(2), Luxembourg(1), Mauritius(7), Netherlands(1), Turks and Caicos(1)",770,,,Minnesota
Biogen ,14,"Bermuda(1), Hong Kong(1), Ireland(1), Isle of Man(2), Luxembourg(1), Netherlands(2), Singapore(1), Switzerland(5)",4600,0.01,1550,Massachusetts
BlackRock,40,"Cayman Islands(5), Channel Islands(8), Cyprus(1), Hong Kong(4), Ireland(5), Isle of Man(3), Luxembourg(7), Netherlands(1), Singapore(5), Switzerland(1)",3871,,,New York
Blackstone Group,161,"Cayman Islands(128), Channel Islands(2), Hong Kong(5), Ireland(7), Luxembourg(1), Mauritius(4), Netherlands(12), Singapore(2)",,,,New York
Boeing,1,Bermuda(1),800,,,Illinois
BorgWarner,7,"Bermuda(1), Hong Kong(1), Ireland(1), Luxembourg(3), Monaco(1)",2700,,,Michigan
Boston Scientific,20,"Bermuda(1), Costa Rica(1), Hong Kong(1), Ireland(6), Lebanon(2), Netherlands(6), Singapore(1), Switzerland(2)",7700,,,Massachusetts
Bristol-Myers Squibb,22,"Barbados(1), Bermuda(1), Hong Kong(1), Ireland(6), Luxembourg(2), Netherlands(7), Panama(1), Singapore(1), Switzerland(2)",24000,,,New York
Broadcom,5,"Bermuda(1), Cayman Islands(3), Singapore(1)",4850,,,California
C.H. Robinson Worldwide,11,"Hong Kong(3), Ireland(2), Luxembourg(1), Netherlands(1), Singapore(3), Switzerland(1)",,,,Minnesota
Caesars Entertainment,22,"Bahamas(3), Barbados(1), Bermuda(2), British Virgin Islands(1), Hong Kong(3), Isle of Man(2), Macau(2), Netherlands(7), Singapore(1)",118,0.24,13,Nevada
Cameron International,56,"Barbados(1), Bermuda(1), Cayman Islands(11), Hong Kong(1), Ireland(4), Luxembourg(24), Malta(1), Netherlands(9), Singapore(4)",5100,,,Texas
Campbell Soup,7,"Hong Kong(4), Luxembourg(1), Netherlands(1), Singapore(1)",740,,,New Jersey
Capital One Financial,,,1400,,,Virginia
Cardinal Health,8,"Bermuda(1), Hong Kong(1), Ireland(1), Luxembourg(1), Malta(1), Netherlands(1), Singapore(1), Switzerland(1)",1900,,,Ohio
CarMax,1,Bermuda(1),,,,Virginia
Caterpillar,72,"Bermuda(8), Cayman Islands(2), Channel Islands(1), Costa Rica(1), Hong Kong(10), Ireland(2), Luxembourg(10), Netherlands(11), Panama(3), Singapore(11), Switzerland(13)",18000,,,Illinois
CB Richard Ellis Group,4,"Channel Islands(1), Luxembourg(2), Netherlands(1)",1300,,,California
CBS,44,"Bahamas(8), Bermuda(3), Cayman Islands(7), Cyprus(1), Luxembourg(6), Netherlands(12), Netherlands Antilles(1), Panama(1), Singapore(2), Switzerland(3)",3990,,,New York
CC Media Holdings,45,"Bahamas(1), Bermuda(1), British Virgin Islands(2), Cayman Islands(4), Costa Rica(1), Hong Kong(2), Ireland(4), Netherlands(10), Netherlands Antilles(4), Panama(1), Singapore(3), Switzerland(11), Turks and Caicos(1)",,,,Texas
CDW,,,67,,,Illinois
Celanese,15,"Bermuda(1), Cayman Islands(1), Cyprus(1), Hong Kong(1), Luxembourg(3), Netherlands(4), Singapore(4)",3800,,,Texas
Celgene,26,"Bermuda(1), Hong Kong(2), Ireland(2), Luxembourg(2), Netherlands(4), Singapore(1), Switzerland(14)",7541,,,New Jersey
CenturyLink,18,"British Virgin Islands(2), Hong Kong(5), Mauritius(1), Netherlands(6), Singapore(3), Switzerland(1)",,,,Louisiana
CH2M Hill,2,"Luxembourg(1), Netherlands(1)",331,,,Colorado
Chevron,12,"Bahamas(2), Bermuda(8), Liberia(1), Singapore(1)",35700,,,California
CHS,11,"Bermuda(1), Cyprus(1), Hong Kong(1), Luxembourg(3), Netherlands(1), Singapore(2), Switzerland(2)",,,,Minnesota
Chubb,1,Bermuda(1),,,,New Jersey
Cigna,14,"Bahrain(1), Bermuda(4), Channel Islands(1), Hong Kong(4), Malta(1), Netherlands(3)",1800,0.23,218,Connecticut
Cisco Systems,59,"Bahrain(1), Bermuda(6), Cayman Islands(1), Channel Islands(1), Costa Rica(1), Cyprus(1), Hong Kong(9), Ireland(9), Jordan(1), Luxembourg(3), Mauritius(2), Netherlands(13), Panama(1), Singapore(7), Switzerland(3)",52700,,,California
Citigroup,41,"Bahamas(7), Bermuda(3), British Virgin Islands(1), Cayman Islands(6), Costa Rica(4), Hong Kong(5), Ireland(2), Mauritius(2), Netherlands(2), Panama(1), Singapore(5), Switzerland(3)",43800,0.09,11600,New York
Clorox,11,"Bermuda(1), British Virgin Islands(1), Cayman Islands(1), Costa Rica(1), Hong Kong(2), Luxembourg(2), Panama(1), Switzerland(2)",204,0.085,54,California
CMS Energy,1,Cayman Islands(1),,,,Michigan
Coca-Cola,12,"Cayman Islands(3), Costa Rica(1), Ireland(2), Luxembourg(1), Netherlands(1), Singapore(4)",33300,,,Georgia
Coca-Cola Enterprises,4,Luxembourg(4),,,,Georgia
Cognizant Technology Solutions,15,"Channel Islands(2), Costa Rica(1), Cyprus(2), Ireland(1), Luxembourg(1), Mauritius(2), Netherlands(3), Singapore(1), Switzerland(2)",6121,,,New Jersey
Colgate-Palmolive,11,"British Virgin Islands(1), Hong Kong(2), Ireland(1), Netherlands(2), Singapore(3), Switzerland(2)",4900,,,New York
Comcast,7,"Bermuda(2), Cayman Islands(1), Netherlands(4)",,,,Pennsylvania
Commercial Metals,13,"Bermuda(2), Cyprus(1), Hong Kong(1), Luxembourg(4), Singapore(2), Switzerland(3)",488,,,Texas
Community Health Systems,2,Cayman Islands(2),,,,Tennessee
Computer Sciences,37,"Bahrain(1), British Virgin Islands(2), Costa Rica(1), Hong Kong(3), Ireland(7), Luxembourg(5), Mauritius(1), Netherlands(5), Panama(1), Singapore(10), Switzerland(1)",2552,,,Virginia
Con-way,,,32,,,Michigan
ConAgra Foods,1,Netherlands(1),660,,,Nebraska
ConocoPhillips,18,"Bahamas(1), Bermuda(5), British Virgin Islands(1), Cayman Islands(5), Liberia(1), Luxembourg(1), Netherlands(3), Singapore(1)",293,,,Texas
Corn Products International,9,"Luxembourg(4), Mauritius(2), Netherlands(2), Singapore(1)",2172,,,Illinois
Corning,12,"Ireland(1), Luxembourg(6), Mauritius(1), Netherlands(3), Singapore(1)",10300,,,New York
Costco Wholesale,,,3619,,,Washington
Crown Holdings,19,"Barbados(1), British Virgin Islands(1), Hong Kong(3), Ireland(1), Jordan(1), Luxembourg(1), Netherlands(4), Singapore(5), Switzerland(2)",774,,,Pennsylvania
CST Brands,,,965,,,Texas
Cummins,25,"Barbados(1), Costa Rica(1), Hong Kong(3), Netherlands(13), Panama(2), Singapore(5)",3800,,,Indiana
D.R. Horton,1,Turks and Caicos(1),,,,Texas
Dana Holding,15,"Bermuda(1), British Virgin Islands(2), Cayman Islands(1), Gibraltar(1), Hong Kong(3), Ireland(1), Luxembourg(4), Mauritius(1), Switzerland(1)",,,,Ohio
Danaher,34,"Hong Kong(5), Ireland(5), Netherlands(10), Singapore(5), Switzerland(9)",11800,,,District of Columbia
DaVita,4,"Netherlands(1), Singapore(3)",,,,Colorado
Dean foods,2,Netherlands(2),14,,,Texas
Deere,5,"Luxembourg(3), Singapore(1), Switzerland(1)",4677,,,Illinois
Delta Air Lines,1,Bermuda(1),,,,Georgia
Devon Energy,,,1800,,,Oklahoma
Dick's Sporting Goods,4,Hong Kong(4),,,,Pennsylvania
Dillard's,1,Bermuda(1),,,,Arkansas
DirecTV,15,"Barbados(1), British Virgin Islands(2), Cayman Islands(5), Mauritius(2), Netherlands(4), St. Lucia(1)",103,,,California
Discover Financial Services,2,"Hong Kong(1), Singapore(1)",,,,Illinois
Discovery Communications,3,"Netherlands(2), Singapore(1)",329,,,Maryland
Dollar General,1,Hong Kong(1),,,,Tennessee
Domtar,1,Switzerland(1),,,,South Carolina
Dover,31,"Barbados(1), Cayman Islands(1), Costa Rica(1), Hong Kong(3), Luxembourg(4), Netherlands(9), Singapore(4), Switzerland(7), U.S. Virgin Islands(1)",1300,,,Illinois
Dow Chemical,92,"Bahrain(3), Bermuda(7), Costa Rica(2), Hong Kong(7), Ireland(2), Luxembourg(1), Mauritius(2), Netherlands(41), Panama(1), Singapore(15), Switzerland(10), U.S. Virgin Islands(1)",18037,,,Michigan
Dr Pepper Snapple Group,3,Netherlands(3),354,,,Texas
Duke Energy,29,"Bermuda(14), Cayman Islands(5), Luxembourg(4), Netherlands(6)",,,,North Carolina
DuPont,22,"Bermuda(2), Hong Kong(2), Luxembourg(10), Netherlands(4), Singapore(1), Switzerland(3)",17226,,,Delaware
Eastman Chemical,43,"Costa Rica(1), Gibraltar(1), Hong Kong(5), Luxembourg(8), Malta(1), Mauritius(1), Netherlands(15), Singapore(10), Switzerland(1)",1600,,,Tennessee
eBay,38,"British Virgin Islands(1), Cayman Islands(1), Hong Kong(2), Ireland(5), Luxembourg(18), Mauritius(1), Netherlands(2), Singapore(4), Switzerland(4)",7900,,,California
Ecolab,80,"Antigua and Barbuda(1), Aruba(1), Bahamas(1), Barbados(1), Bermuda(1), Cayman Islands(2), Channel Islands(1), Costa Rica(1), Hong Kong(5), Ireland(4), Luxembourg(11), Malta(3), Mauritius(1), Netherlands(33), Panama(1), Singapore(4), St. Lucia(1), Switzerland(6), U.S. Virgin Islands(2)",1800,,,Minnesota
Eli Lilly,27,"Bermuda(2), British Virgin Islands(3), Cayman Islands(4), Ireland(4), Netherlands(3), Singapore(2), Switzerland(8), U.S. Virgin Islands(1)",25700,,,Indiana
EMC,4,"Ireland(3), Netherlands(1)",11800,,,Massachusetts
Emerson electric,86,"Bahrain(2), Bermuda(2), British Virgin Islands(1), Cayman Islands(4), Channel Islands(1), Costa Rica(1), Hong Kong(14), Ireland(4), Luxembourg(1), Mauritius(3), Netherlands(25), Panama(1), Singapore(14), Switzerland(13)",7100,,,Missouri
Energy Transfer Equity,7,"Bermuda(5), Netherlands(1), Panama(1)",,,,Texas
EOG Resources,17,"Cayman Islands(11), Hong Kong(1), Netherlands(5)",,,,Texas
Est√©e Lauder,2,"Luxembourg(1), Switzerland(1)",2918,,,New York
Exelon,6,"Luxembourg(2), Marshall Islands(4)",,,,Illinois
Expedia,18,"Cayman Islands(5), Costa Rica(1), Hong Kong(3), Ireland(1), Luxembourg(1), Mauritius(1), Netherlands(1), Singapore(4), Switzerland(1)",,,,Washington
Expeditors International of Washington,10,"Bahrain(1), Costa Rica(1), Hong Kong(1), Ireland(1), Jordan(1), Lebanon(1), Netherlands(1), Panama(1), Singapore(1), Switzerland(1)",,,,Washington (State)
Express Scripts,5,"Ireland(1), Netherlands(3), Switzerland(1)",96,,,Missouri
Exxon Mobil,37,"Bahamas(22), Bermuda(1), Cayman Islands(1), Hong Kong(2), Luxembourg(2), Netherlands(7), Singapore(2)",51000,,,Texas
Facebook,3,Ireland(3),,,,California
Family Dollar Stores,4,"Hong Kong(3), Luxembourg(1)",35,,,North Carolina
Fedex,1,Luxembourg(1),1900,,,Tennessee
Fidelity National Information Services,26,"Barbados(1), Cayman Islands(1), Channel Islands(2), Hong Kong(3), Ireland(1), Luxembourg(4), Mauritius(1), Netherlands(9), Singapore(3), Switzerland(1)",,,,Florida
Fifth Third Bancorp,4,"Hong Kong(1), Mauritius(1), Turks and Caicos(2)",,,,Ohio
First Data,35,"Bermuda(2), Costa Rica(1), Hong Kong(2), Ireland(14), Luxembourg(6), Macau(1), Mauritius(1), Netherlands(4), Panama(1), Singapore(3)",,,,Georgia
Fluor,71,"Barbados(2), Bermuda(7), British Virgin Islands(3), Channel Islands(9), Cyprus(2), Ireland(3), Liechtenstein(2), Mauritius(4), Netherlands(34), Panama(1), Singapore(3), St. Lucia(1)",,,,Texas
FMC Technologies,10,"Luxembourg(2), Netherlands(5), Singapore(1), Switzerland(2)",1619,0.05,492,Texas
Foot Locker,15,"Ireland(4), Netherlands(10), Switzerland(1)",999,,,New York
Ford Motor,4,"Mauritius(1), Netherlands(2), Switzerland(1)",4300,0.3,200,Michigan
Franklin Resources,34,"Bahamas(2), Bermuda(1), British Virgin Islands(1), Cayman Islands(12), Channel Islands(2), Hong Kong(4), Ireland(2), Luxembourg(4), Mauritius(1), Singapore(3), Switzerland(2)",7300,,,California
GameStop,10,"Ireland(5), Luxembourg(4), Switzerland(1)",595,,,Texas
Gap,7,"Hong Kong(3), Ireland(1), Netherlands(2), Singapore(1)",581,0.23,72,California
General Cable,13,"Cayman Islands(2), Channel Islands(1), Costa Rica(1), Hong Kong(2), Mauritius(3), Netherlands(1), Panama(3)",370,,,kentucky
General Dynamics,9,"Bermuda(1), Hong Kong(2), Singapore(1), Switzerland(5)",1900,,,Virginia
General Electric,18,"Bahamas(1), Bermuda(3), Ireland(2), Luxembourg(3), Netherlands(5), Singapore(4)",119000,,,Connecticut
General Mills,49,"Bermuda(7), Gibraltar(1), Hong Kong(6), Ireland(1), Lebanon(2), Luxembourg(6), Mauritius(2), Netherlands(15), Panama(1), Singapore(4), Switzerland(4)",1900,,,Minnesota
General Motors,21,"Bermuda(2), Cayman Islands(2), Hong Kong(1), Ireland(1), Netherlands(9), Singapore(2), Switzerland(4)",7100,,,Michigan
Genuine Parts,4,"Hong Kong(2), Netherlands(2)",712,,,Georgia
Genworth Financial,10,"Bermuda(3), Cayman Islands(1), Channel Islands(1), Hong Kong(2), Ireland(2), Mauritius(1)",1642,,,Virginia
Gilead Sciences,12,"Hong Kong(1), Ireland(6), Luxembourg(1), Netherlands(1), Panama(1), Singapore(1), Switzerland(1)",15600,0,5500,California
Goldman Sachs Group,20,"British Virgin Islands(1), Cayman Islands(9), Channel Islands(1), Hong Kong(2), Mauritius(4), Singapore(3)",24880,0.16,4660,New York
Goodyear Tire & Rubber,12,"Bermuda(1), Ireland(2), Luxembourg(4), Mauritius(1), Netherlands(2), Singapore(1), Switzerland(1)",2600,,,Ohio
Google,2,Ireland(2),47400,,,California
Graybar Electric,,,66,,,Missouri
Group 1 Automotive,3,"Netherlands(2), Turks and Caicos(1)",17,0.07,5,Texas
H.J. Heinz,5,"Cayman Islands(1), Gibraltar(1), Netherlands(2), Singapore(1)",,,,Pennsylvania
Halliburton,15,"Barbados(1), Bermuda(1), Cayman Islands(2), Luxembourg(2), Netherlands(7), Singapore(1), Switzerland(1)",6700,,,Texas
Hanesbrands,46,"Bermuda(1), British Virgin Islands(1), Cayman Islands(16), Costa Rica(6), Hong Kong(4), Ireland(1), Jordan(1), Luxembourg(7), Mauritius(1), Netherlands(2), Panama(3), Switzerland(3)",2400,,,North Carolina
Harley-Davidson,4,"Hong Kong(1), Netherlands(1), Singapore(1), Switzerland(1)",,,,Wisconsin
Harman International Industries,10,"Hong Kong(3), Mauritius(1), Netherlands(2), Singapore(3), Switzerland(1)",895,,,Connecticut
Hartford Financial Services,7,"Bermuda(6), Ireland(1)",,,,Connecticut
HCA Holdings,11,"Bermuda(1), Luxembourg(7), Switzerland(3)",,,,Tennessee
HD Supply,2,"Hong Kong(1), Panama(1)",,,,Georgia
Health Net,2,Cayman Islands(2),,,,California
Henry Schein,1,Switzerland(1),826,,,New York
Hershey,4,"Hong Kong(1), Netherlands(1), Singapore(2)",196,,,Pennsylvania
Hess,8,"Cayman Islands(7), Netherlands(1)",8300,,,New York
Hewlett-Packard,25,"Bermuda(1), Cayman Islands(3), Costa Rica(1), Cyprus(1), Hong Kong(1), Ireland(3), Luxembourg(1), Macau(1), Netherlands(7), Singapore(4), Switzerland(2)",42900,,,California
Hilton,26,"Aruba(1), Barbados(1), Cyprus(1), Gibraltar(1), Hong Kong(1), Isle of Man(1), Luxembourg(2), Maldives(2), Malta(1), Mauritius(1), Netherlands(10), Panama(1), Singapore(2), Switzerland(1)",,,,Virginia
Home Depot,,,3400,,,Georgia
Honeywell International,5,"Luxembourg(1), Singapore(1), Switzerland(3)",15000,,,New Jersey
Hormel Foods,1,Netherlands(1),88,,,Minnesota
Host Hotels & Resorts,18,"Cayman Islands(2), Netherlands(12), Singapore(2), U.S. Virgin Islands(2)",,,,Maryland
HRG Group,21,"Bermuda(1), British Virgin Islands(1), Cayman Islands(1), Costa Rica(1), Hong Kong(6), Ireland(1), Luxembourg(3), Netherlands(4), Panama(1), Singapore(1), Switzerland(1)",352,,,New York
Humana,1,Cayman Islands(1),,,,Kentucky
Huntington Ingalls Industries,1,Cayman Islands(1),,,,Virginia
Huntsman,28,"Cayman Islands(1), Hong Kong(6), Luxembourg(2), Netherlands(12), Panama(1), Singapore(4), Switzerland(2)",307,,,Utah
Icahn Enterprises,20,"Aruba(3), Bahrain(2), Bermuda(1), British Virgin Islands(1), Cayman Islands(1), Channel Islands(1), Hong Kong(2), Luxembourg(1), Mauritius(1), Netherlands(5), Singapore(1), Switzerland(1)",,,,New York
Illinois Tool Works,81,"Bermuda(11), British Virgin Islands(4), Costa Rica(2), Hong Kong(9), Ireland(5), Luxembourg(10), Malta(1), Mauritius(2), Netherlands(23), Singapore(11), Switzerland(3)",7100,,,Illinois
Ingram Micro,47,"Barbados(1), Bermuda(1), British Virgin Islands(6), Cayman Islands(4), Costa Rica(2), Hong Kong(4), Lebanon(1), Luxembourg(7), Mauritius(2), Netherlands(10), Singapore(7), Switzerland(2)",2100,,,California
Insight Enterprises,10,"Hong Kong(1), Ireland(1), Netherlands(6), Singapore(1), Switzerland(1)",80,,,Arizona
Intel,14,"Cayman Islands(6), Hong Kong(4), Ireland(1), Netherlands(3)",23300,,,California
International Business Machines,15,"Bahamas(1), Barbados(1), Bermuda(1), Costa Rica(1), Hong Kong(1), Ireland(2), Luxembourg(1), Malta(1), Mauritius(1), Netherlands(2), Seychelles(1), Singapore(1), Switzerland(1)",61400,,,New York
International Paper,18,"Bermuda(1), British Virgin Islands(1), Hong Kong(3), Luxembourg(5), Netherlands(4), Singapore(3), Switzerland(1)",5200,,,Tennessee
Interpublic Group,2,"Hong Kong(1), Luxembourg(1)",2214,,,New York
INTL Fcstone,6,"British Virgin Islands(1), Ireland(1), Netherlands(2), Singapore(2)",175,,,New York
J.M. Smucker,3,"Hong Kong(1), Netherlands(2)",249,,,Ohio
J.P. Morgan Chase & Co.,4,"Ireland(1), Luxembourg(2), Mauritius(1)",31100,0.12,7000,New York
Jabil Circuit,36,"Bermuda(1), British Virgin Islands(8), Cayman Islands(3), Channel Islands(1), Hong Kong(8), Ireland(2), Luxembourg(3), Mauritius(2), Netherlands(3), Singapore(5)",2300,,,Florida
Jacobs Engineering Group,12,"Hong Kong(1), Ireland(1), Luxembourg(1), Macau(1), Netherlands(3), Panama(1), Singapore(4)",26,0.07,7,California
Jarden,27,"Bahamas(2), Bermuda(1), Cayman Islands(2), Costa Rica(1), Hong Kong(10), Luxembourg(4), Macau(1), Netherlands(3), Switzerland(3)",1200,,,Florida
JetBlue Airways,1,Bermuda(1),,,,New York
Johnson & Johnson,58,"Hong Kong(1), Ireland(22), Luxembourg(4), Netherlands(11), Singapore(1), Switzerland(19)",53400,,,New Jersey
Johnson Controls,,,8100,,,Wisconsin
KBR,10,"Cayman Islands(4), Netherlands(5), Singapore(1)",,,320,Texas
Kellogg,34,"Bermuda(3), Cayman Islands(2), Costa Rica(1), Cyprus(1), Hong Kong(2), Ireland(10), Luxembourg(7), Malta(1), Netherlands(2), Panama(1), Singapore(1), Switzerland(3)",2200,,,Michigan
Kelly Services,10,"Luxembourg(2), Netherlands(3), Singapore(3), Switzerland(2)",111,,,Michigan
Kimberly-Clark,42,"Bahrain(1), Barbados(1), Bermuda(1), Cayman Islands(7), Channel Islands(2), Costa Rica(2), Cyprus(1), Hong Kong(2), Luxembourg(4), Malta(1), Netherlands(10), Panama(2), Singapore(7), Switzerland(1)",8600,,,Texas
Kindred Healthcare,1,Cayman Islands(1),,,,Kentucky
KKR,258,"Cayman Islands(217), Channel Islands(6), Cyprus(1), Hong Kong(3), Ireland(12), Luxembourg(6), Mauritius(5), Singapore(8)",,,,New York
Kraft Foods Group,2,Netherlands(2),578,0.15,118,Illinois
L-3 Communications,6,"Costa Rica(1), Hong Kong(2), Ireland(1), Netherlands(1), Singapore(1)",331,,,New York
Laboratory Corp. of America,,"Costa Rica(1), Hong Kong(2), Ireland(1), Netherlands(1), Singapore(1)",30,0.29,2,North Carolina
Las Vegas Sands,44,"Bermuda(1), Cayman Islands(21), Hong Kong(4), Macau(10), Mauritius(1), Netherlands(5), Singapore(2)",6070,,,Nevada
Lear,14,"Cayman Islands(2), Hong Kong(1), Luxembourg(5),Mauritius(2), Netherlands(3), Singapore(1)",1200,,,Michigan
Lennar,2,"Bermuda(1), Turks and Caicos(1)",,,,Florida
Leucadia National,4,"Hong Kong(3), Switzerland(1)",171,0.08,46,New York
Level 3 Communications,28,"Bermuda(3), Cayman Islands(2), Costa Rica(1), Hong Kong(3), Ireland(6), Luxembourg(3), Mauritius(1), Netherlands(5), Panama(1), Singapore(1), Switzerland(1), U.S. Virgin Islands(1)",,,,Colorado
Liberty Interactive,8,"Cayman Islands(1), Costa Rica(2), Hong Kong(2), Luxembourg(2), Netherlands(1)",,,,Colorado
LifePoint Health,1,,,,,Tennessee
Limited Brands,1,Cayman Islands(1),216,,,Ohio
Lincoln National,1,Barbados(1),,,,Pennsylvania
Live Nation Entertainment,49,"Cayman Islands(2), Hong Kong(4), Ireland(10), Isle of Man(3), Luxembourg(2), Netherlands(26), Singapore(2)",477,,,California
LKQ,,,266,,,Illinois
Lockheed Martin,,,291,0.16,55,Maryland
Loews,5,"Bermuda(3), Cayman Islands(1), Channel Islands(1)",2400,,,New York
Lowe's,,,112,,,North Carolina
Macy's,2,Hong Kong(2),,,,Ohio
Manpower,51,"Costa Rica(2), Cyprus(1), Hong Kong(5), Ireland(4), Luxembourg(4), Macau(1), Monaco(1), Netherlands(23), Panama(2), Singapore(4), Switzerland(4)",733,,,Wisconsin
Marathon Oil,63,"Bahamas(1), Barbados(1), Bermuda(2), Cayman Islands(43), Netherlands(15), Switzerland(1)",1019,,,Texas
Marathon Petroleum,2,Bermuda(2),,,,Ohio
Marriott International,79,"Anguilla(1), Aruba(1), Bahamas(1), Bahrain(1), Barbados(1), Bermuda(6), British Virgin Islands(7), Cayman Islands(10), Channel Islands(1), Costa Rica(1), Ireland(4), Jordan(2), Lebanon(1), Luxembourg(6), Malta(1), Netherlands(17), Panama(1), Singapore(4), St. Kitts and Nevis(2), St. Lucia(1), Switzerland(6), Turks and Caicos(1), U.S. Virgin Islands(3)",894,,,Maryland
Marsh & McLennan,117,"Aruba(1), Bahamas(1), Bahrain(1), Barbados(5), Bermuda(23), British Virgin Islands(1), Cayman Islands(2), Channel Islands(3), Cyprus(2), Hong Kong(10), Ireland(17), Isle of Man(4), Jordan(1), Liechtenstein(1), Luxembourg(7), Macau(1), Malta(2), Mauritius(1), Netherlands(14), Panama(2), Singapore(9), Switzerland(9)",6300,,,New York
Masco,13,"Bahamas(1), Cyprus(1), Hong Kong(1), Luxembourg(3), Netherlands(3), Singapore(2), Switzerland(2)",12,,,Michigan
MasterCard,5,"Netherlands(1), Singapore(4)",3300,,,New York
Mattel,9,"Bermuda(2), Hong Kong(1), Netherlands(5), Singapore(1)",6400,,,California
McDonald's,11,"Hong Kong(1), Luxembourg(3), Netherlands(1), Singapore(2), Switzerland(4)",15400,,,Illinois
McGraw-Hill,16,"Cayman Islands(1), Hong Kong(2), Ireland(1), Luxembourg(4), Singapore(7), Switzerland(1)",1239,,,New York
McKesson,3,"Bermuda(2), Ireland(1)",4916,,,California
MeadWestvaco,3,"Luxembourg(2), Netherlands(1)",1360,,,Virginia
Merck,121,"Bermuda(10), Cayman Islands(1), Costa Rica(2), Cyprus(3), Hong Kong(3), Ireland(25), Lebanon(1), Luxembourg(1), Netherlands(42), Panama(5), Singapore(9), Switzerland(19)",60000,,,New Jersey
MetLife,31,"Bermuda(1), Cayman Islands(8), Cyprus(3), Hong Kong(4), Ireland(9), Singapore(3), Switzerland(2), U.S. Virgin Islands(1)",4200,,,New York
MGM Resorts international,13,"Cayman Islands(1), Hong Kong(7), Isle of Man(3), Macau(1), Singapore(1)",,,,Nevada
Micron Technology,2,"Netherlands(1), Singapore(1)",4910,,,Idaho
Microsoft,5,"Ireland(3), Luxembourg(1), Singapore(1)",108300,0.03,34500,Washington
Mohawk Industries,28,"Barbados(1), Hong Kong(2), Ireland(2), Luxembourg(12), Netherlands(7), Singapore(2), Switzerland(2)",1385,,,Georgia
Mondel?z International,82,"Bahamas(1), Bahrain(2), Costa Rica(2), Cyprus(1), Hong Kong(2), Ireland(15), Lebanon(2), Luxembourg(3), Mauritius(1), Netherlands(27), Panama(1), Singapore(10), Switzerland(15)",13200,,,Illinois
Monsanto,6,"British Virgin Islands(1), Luxembourg(1), Netherlands(3), Switzerland(1)",4400,,,Missouri
Morgan Stanley,210,"Bermuda(4), Cayman Islands(100), Channel Islands(10), Cyprus(2), Gibraltar(3), Hong Kong(12), Ireland(6), Luxembourg(36), Malta(1), Mauritius(5), Netherlands(21), Singapore(8), Switzerland(2)",7364,0.24,841,New York
Mosaic,8,"Bahamas(1), Luxembourg(3), Netherlands(4)",2200,,,Minnesota
Motorola Solutions,,,1500,,,Illinois
MRC Global,8,"British Virgin Islands(2), Hong Kong(1), Netherlands(3), Singapore(2)",231,,,Texas
Murphy Oil,24,"Bahamas(23), Singapore(1)",6045,0.24,684,Arkansas
National oilwell Varco,76,"Aruba(1), Bahrain(1), Barbados(2), Bermuda(1), British Virgin Islands(2), Cayman Islands(7), Channel Islands(1), Cyprus(1), Mauritius(2), Netherlands(38), Netherlands Antilles(1), Singapore(18), Switzerland(1)",5874,,,Texas
Navistar International,1,Cayman Islands(1),469,,,Illinois
NCR,36,"Bahrain(2), Bermuda(6), Cayman Islands(1), Cyprus(4), Hong Kong(1), Ireland(4), Luxembourg(6), Macau(1), Netherlands(5), Panama(1), Singapore(3), Switzerland(2)",2100,,,Georgia
NetApp,14,"Bermuda(2), Cyprus(1), Hong Kong(2), Ireland(1), Luxembourg(1), Netherlands(5), Singapore(1), Switzerland(1)",3300,0.05,1000,California
Netflix,1,Luxembourg(1),29,0,10,California
Newell Rubbermaid,11,"Cayman Islands(3), Hong Kong(1), Luxembourg(3), Netherlands(3), Switzerland(1)",602,,,Georgia
Newmont Mining,18,"Bermuda(3), Channel Islands(1), Cyprus(2), Liberia(1), Netherlands(9), Switzerland(2)",,,,Colorado
News Corp.,23,"Cayman Islands(3), Hong Kong(6), Ireland(2), Luxembourg(4), Netherlands(3), Singapore(2), Switzerland(3)",3500,,,New York
NextEra Energy,1,Cayman Islands(1),,,,Florida
Nike,52,"Bermuda(3), Hong Kong(8), Netherlands(36), Panama(1), Singapore(3), Switzerland(1)",8300,0.025,2700,Oregon
Norfolk Southern,1,Bermuda(1),,,,Virginia
NRG Energy,24,"Bermuda(1), British Virgin Islands(2), Cayman Islands(5), Channel Islands(1), Hong Kong(1), Luxembourg(2), Netherlands(10), Netherlands Antilles(1), Switzerland(1)",,,,New Jersey
Nucor,,,194,,,North Carolina
Occidental Petroleum,80,"Bermuda(59), Cayman Islands(9), Hong Kong(1), Liberia(1), Malta(1), Netherlands(4), Panama(1), Singapore(2), Switzerland(2)",9900,0.34,140,Texas
Office Depot,26,"Bermuda(2), Cayman Islands(1), Hong Kong(2), Ireland(3), Luxembourg(3), Netherlands(13), Switzerland(2)",416,,,Florida
Old Republic International,6,"Bermuda(5), Cayman Islands(1)",,,,Illinois
Omnicom Group,2,"Hong Kong(1), Singapore(1)",1800,,,New York
Oracle,5,Ireland(5),38000,0.04,11800,California
Oshkosh,15,"Cayman Islands(1), Hong Kong(1), Mauritius(1), Netherlands(11), Singapore(1)",181,,,Wisconsin
Owens & Minor,12,"Channel Islands(1), Hong Kong(1), Ireland(6), Netherlands(3), Switzerland(1)",32,,,Virginia
Owens Corning,17,"Cayman Islands(2), Hong Kong(1), Netherlands(13), Singapore(1)",1400,-0.02,511,Ohio
Owens-Illinois,17,"Bermuda(1), Hong Kong(5), Luxembourg(1), Mauritius(1), Netherlands(7), Singapore(1), Switzerland(1)",2900,,,Ohio
Paccar,6,Netherlands(6),4100,0.25,400,Washington
Packaging Corp. of America,5,"Hong Kong(2), Luxembourg(2), Netherlands(1)",,,,Illinois
Parker Hannifin,26,"Bermuda(3), Gibraltar(2), Hong Kong(1), Luxembourg(10), Netherlands(6), Singapore(2), Switzerland(2)",3000,,,Ohio
Peabody Energy,17,"Bermuda(1), British Virgin Islands(1), Gibraltar(6), Luxembourg(1), Netherlands(6), Singapore(2)",,,,Missouri
Penske Automotive Group,,,711,,,Michigan
PepsiCo,132,"Barbados(1), Bermuda(15), Cayman Islands(6), Costa Rica(2), Cyprus(13), Gibraltar(3), Hong Kong(9), Ireland(12), Jordan(1), Liechtenstein(1), Luxembourg(26), Mauritius(2), Netherlands(32), Panama(1), Singapore(2), Switzerland(6)",37800,,,New York
Pfizer,151,"Cayman Islands(1), Channel Islands(8), Costa Rica(3), Hong Kong(8), Ireland(27), Luxembourg(38), Netherlands(52), Panama(4), Singapore(5), Switzerland(5)",74000,,,New York
Philip Morris International,9,"Netherlands(3), Switzerland(6)",,,,New York
Phillips,17,"Bermuda(4), Cayman Islands(7), Ireland(4), Singapore(1), Switzerland(1)",2000,,,Texas
Phillips-Van Heusen,43,"Barbados(1), British Virgin Islands(4), Cyprus(1), Hong Kong(8), Ireland(3), Luxembourg(1), Macau(1), Netherlands(19), Netherlands Antilles(1), Singapore(1), Switzerland(3)",389,,,New York
Pioneer Natural Resources,5,"Bahamas(1), Cayman Islands(4)",,,,Texas
Plains GP Holdings,2,Luxembourg(2),,,,Texas
PNC Financial Services Group,,,77,0.04,24,Pennsylvania
Polo Ralph Lauren,5,"Hong Kong(1), Netherlands(3), Switzerland(1)",2515,,,New York
PPG Industries,20,"Bermuda(1), Hong Kong(2), Ireland(1), Luxembourg(2), Netherlands(10), Singapore(2), Switzerland(2)",5000,0.31,200,Pennsylvania
PPL,,,3700,,,Pennsylvania
Praxair,20,"Bahrain(1), Costa Rica(1), Ireland(3), Luxembourg(4), Mauritius(1), Netherlands(3), Panama(1), Singapore(4), Switzerland(2)",10400,,,Connecticut
Precision Castparts,15,"Bermuda(1), Cayman Islands(2), Hong Kong(4), Ireland(1), Luxembourg(4), Singapore(3)",1482,,,Oregon
Priceline.com,5,"Mauritius(1), Netherlands(3), Singapore(1)",7300,,,Connecticut
Principal Financial,20,"Cayman Islands(3), Hong Kong(9), Ireland(1), Malta(4), Mauritius(1), Singapore(2)",825,,,Iowa
Procter & Gamble,38,"Costa Rica(1), Hong Kong(2), Ireland(1), Lebanon(1), Luxembourg(4), Netherlands(17), Panama(1), Singapore(4), Switzerland(7)",45000,,,Ohio
Prudential Financial,39,"Barbados(1), Bermuda(4), British Virgin Islands(2), Cayman Islands(13), Channel Islands(2), Hong Kong(2), Ireland(1), Luxembourg(11), Singapore(3)",2396,,,New Jersey
Qualcomm,3,Singapore(3),25700,0,9100,California
Quanta Services,7,"British Virgin Islands(3), Costa Rica(1), Luxembourg(1), Netherlands(1), Panama(1)",345,,,Texas
Quest Diagnostics,5,"Ireland(1), Luxembourg(3), Singapore(1)",,,,New Jersey
Quintiles,20,"Costa Rica(2), Hong Kong(1), Ireland(2), Luxembourg(4), Mauritius(2), Netherlands(3), Panama(1), Singapore(2), Switzerland(3)",,,,North Carolina
R.R. Donnelley & Sons,34,"Barbados(1), British Virgin Islands(4), Cayman Islands(3), Channel Islands(1), Costa Rica(1), Cyprus(1), Hong Kong(3), Ireland(4), Luxembourg(1), Mauritius(1), Netherlands(10), Singapore(2), St. Lucia(1), Switzerland(1)",,,,Illinois
Raytheon,,,384,,,Massachusetts
Realogy Holdings,7,"Bermuda(1), Hong Kong(3), Netherlands(1), Singapore(1), Switzerland(1)",,,,New Jersey
Reinsurance Group of America,10,"Barbados(4), Bermuda(2), Ireland(1), Netherlands(2), Singapore(1)",1115,,,Missouri
Reliance Steel & Aluminum,2,Singapore(2),216,,,California
Republic Services,1,Cayman Islands(1),,,,Arizona
Reynolds American,7,"Cayman Islands(1), Hong Kong(1), Netherlands(4), Switzerland(1)",25,,,North Carolina
Rock-Tenn,2,British Virgin Islands(2),240,0.31,9,Georgia
Rockwell Automation,5,"Ireland(1), Netherlands(1), Singapore(2), Switzerland(1)",2781,,,Wisconsin
Ryder System,14,"Bermuda(1), British Virgin Islands(1), Hong Kong(2), Mauritius(1), Netherlands(6), Singapore(3)",658,,,Florida
Safeway,4,"Bermuda(1), Hong Kong(1), Macau(1), U.S. Virgin Islands(1)",180,-0.01,65,California
Salesforce.com,10,"Hong Kong(1), Ireland(3), Luxembourg(1), Netherlands(1), Singapore(3), Switzerland(1)",,,,California
SanDisk,7,"Bermuda(1), Cayman Islands(1), Ireland(3), Netherlands(2)",969,,,California
Sanmina,15,"British Virgin Islands(2), Cayman Islands(1), Hong Kong(5), Ireland(2), Mauritius(1), Netherlands(1), Singapore(3)",544,,,California
Seaboard,32,"Bahamas(1), Bermuda(16), Cayman Islands(2), Costa Rica(1), Isle of Man(1), Liberia(2), Mauritius(6), Netherlands(1), Panama(1), Singapore(1)",1000,,,Kansas
Sealed Air,49,"Barbados(2), Cayman Islands(1), Costa Rica(2), Hong Kong(4), Ireland(4), Luxembourg(5), Netherlands(22), Singapore(2), Switzerland(7)",,,,North Carolina
Sears Holdings,1,Bermuda(1),,,,Illinois
Sempra Energy,2,Netherlands(2),3600,,,California
Sherwin-Williams,9,"Aruba(1), Belize(1), Cayman Islands(1), Hong Kong(1), Ireland(2), Luxembourg(2), Singapore(1)",4,0.2,1,Ohio
Sonic Automotive,1,Cayman Islands(1),,,,North Carolina
Southwest airlines,1,Bermuda(1),,,,Texas
Spectra Energy,2,Luxembourg(2),1800,,,Texas
Spirit AeroSystems Holdings,5,"Netherlands(4), Singapore(1)",,,,Kansas
St. Jude Medical,15,"Costa Rica(1), Hong Kong(1), Luxembourg(5), Netherlands(4), Singapore(2), Switzerland(2)",4200,,,Minnesota
Stanley Black & Decker,110,"British Virgin Islands(4), Cayman Islands(8), Costa Rica(1), Hong Kong(16), Ireland(23), Liechtenstein(1), Luxembourg(17), Macau(1), Mauritius(1), Netherlands(20), Panama(4), Singapore(8), Switzerland(6)",4773,,,Connecticut
Staples,35,"Bermuda(1), Cayman Islands(4), Cyprus(2), Hong Kong(3), Ireland(2), Luxembourg(2), Netherlands(19), Switzerland(2)",835,,,Massachusetts
Starbucks,20,"Cayman Islands(1), Costa Rica(1), Cyprus(1), Hong Kong(6), Luxembourg(1), Netherlands(6), Singapore(2), Switzerland(2)",2200,,,Washington
Starwood Hotels & Resorts,4,"Luxembourg(3), Singapore(1)",3500,,,Connecticut
State Street Corp.,4,"Cayman Islands(1), Ireland(1), Luxembourg(1), Switzerland(1)",4200,0.14,876,Massachusetts
Stryker,47,"Barbados(1), British Virgin Islands(1), Cayman Islands(1), Hong Kong(6), Ireland(7), Lebanon(1), Luxembourg(2), Mauritius(1), Netherlands(18), Panama(1), Singapore(1), Switzerland(7)",5878,,,Michigan
Supervalu,3,Bermuda(3),,,,Minnesota
Symantec,4,"Ireland(3), Singapore(1)",3600,0.07,1000,California
Synnex,4,"Bermuda(1), British Virgin Islands(1), Netherlands(2)",321,,,California
Sysco,30,"Bahamas(3), Bermuda(1), Cayman Islands (5), Costa Rica(6), Hong Kong(4), Ireland(6), Luxembourg(3), Netherlands(2)",1100,,,Texas
Target,1,Luxembourg(1),328,,,Minnesota
Tech Data,13,"Cayman Islands(2), Costa Rica(1), Ireland(1), Luxembourg(2), Netherlands(5), Switzerland(2)",500,,,Florida
Tenneco,7,"Hong Kong(1), Luxembourg(2), Mauritius(3), Netherlands(1)",737,0.19,121,Illinois
Terex,17,"Bermuda(1), British Virgin Islands(1), Cayman Islands(2), Ireland(2), Mauritius(1), Netherlands(6), Singapore(2), Switzerland(2)",800,,,Connecticut
Texas Instruments,13,"Hong Kong(5), Ireland(2), Luxembourg(2), Netherlands(2), Singapore(2)",7670,,,Texas
Textron,9,"Barbados(1), Bermuda(1), Netherlands(3), Singapore(3), Switzerland(1)",995,,,Rhode Island
Thermo Fisher Scientific,155,"Barbados(4), Bermuda(4), British Virgin Islands(1), Cayman Islands(12), Channel Islands(1), Costa Rica(1), Gibraltar(2), Hong Kong(12), Ireland(7), Luxembourg(24), Malta(6), Netherlands(53), Singapore(10), Switzerland(18)",8440,,,Massachusetts
Time Warner,8,"Netherlands(6), Singapore(1), Switzerland(1)",1100,,,New York
TJX,5,"Bermuda(2), Hong Kong(1), Ireland(1), Netherlands(1)",567,,,Massachusetts
"Toys ""R"" Us",14,"British Virgin Islands(7), Hong Kong(3), Netherlands(2), Singapore(1), Switzerland(1)",1,0.35,0,New Jersey
Travelers Cos.,2,"Bermuda(1), Singapore(1)",647,,,New York
Trinity Industries,2,Switzerland(2),,,,Texas
TRW Automotive Holdings,11,"Cayman Islands(1), Channel Islands(1), Luxembourg(2), Mauritius(1), Netherlands(4), Singapore(1), Switzerland(1)",3400,,,Michigan
Twenty-First Century Fox,2,Netherlands(2),975,,,New York
Tyson Foods,18,"Bermuda(2), British Virgin Islands(1), Cayman Islands(1), Hong Kong(3), Luxembourg(4), Mauritius(1), Netherlands(6)",403,,,Arkansas
U.S. Bancorp,10,"Cayman Islands(1), Hong Kong(1), Ireland(5), Netherlands(2), Singapore(1)",,,,Minnesota
UGI,4,"Luxembourg(1), Netherlands(2), Switzerland(1)",43,0.35,0,Pennsylvania
United Natural Foods,,,14,,,Rhode Island
United Parcel Service,3,"Netherlands(1), Singapore(1), U.S. Virgin Islands(1)",4683,,,Georgia
United Rentals,,,595,,,Connecticut
United States Steel,2,Netherlands(2),5,,,Pennsylvania
United Stationers,2,Hong Kong(2),,,,Illinois
United Technologies,28,"Cayman Islands(1), Gibraltar(1), Hong Kong(4), Ireland(2), Luxembourg(8), Netherlands(8), Singapore(1), Switzerland(3)",28000,,,Connecticut
UnitedHealth Group,17,"Bermuda(1), Cayman Islands(3), Hong Kong(1), Ireland(1), Luxembourg(6), Netherlands(4), Singapore(1)",391,,,Minnesota
Universal Health Services,,,10,-0.05,4,Pennsylvania
Unum Group,1,Ireland(1),1000,,,Tennessee
Valero Energy,15,"Aruba(5), British Virgin Islands(3), Cayman Islands(2), Ireland(2), Luxembourg(1), Netherlands(2)",2900,,,Texas
Verizon Communications,,,1300,,,New York
VF,25,"Cayman Islands(1), Gibraltar(2), Hong Kong(3), Luxembourg(12), Mauritius(1), Netherlands(1), Singapore(1), Switzerland(4)",3297,,,North Carolina
Viacom,39,"Bahamas(1), Barbados(1), Cayman Islands(7), Channel Islands(1), Hong Kong(2), Mauritius(1), Netherlands(24), Singapore(1), Switzerland(1)",2500,0.18,438,New York
Visa,1,Singapore(1),5000,,,California
Visteon,11,"Bermuda(2), British Virgin Islands(1), Hong Kong(4), Netherlands(4)",245,,,Michigan
Voya Financial,7,"Bermuda(2), Cayman Islands(1), Hong Kong(2), Ireland(1), Luxembourg(1)",,,,New York
W.R. Berkley,1,Bermuda(1),58,0.3,3,Connecticut
W.W. Grainger,21,"Costa Rica(1), Mauritius(1), Netherlands(15), Netherlands Antilles(1), Panama(2), Singapore(1)",464,,,Illinois
Wal-Mart Stores,75,"Barbados(1), British Virgin Islands(12), Cayman Islands(4), Cyprus(1), Gibraltar(1), Hong Kong(13), Ireland(1), Luxembourg(22), Mauritius(5), Netherlands(5), Panama(2), Singapore(4), Switzerland(4)",23300,,,Arkansas
Walgreens,14,"Bermuda(1), Cayman Islands(1), Hong Kong(1), Luxembourg(6), Mauritius(1), Switzerland(3), U.S. Virgin Islands(1)",,,,Illinois
Walt Disney,7,"Hong Kong(1), Luxembourg(2), Netherlands(3), Singapore(1)",1900,0.15,377,California
Waste Management,2,Hong Kong(2),750,,,Texas
WellCare Health Plans,1,Cayman Islands(1),,,,Florida
Wellpoint,3,Ireland(3),,,,Indiana
Wells Fargo,98,"Aruba(1), Bahamas(2), Barbados(1), Bermuda(5), British Virgin Islands(3), Cayman Islands(36), Costa Rica(1), Hong Kong(6), Ireland(4), Luxembourg(23), Mauritius(7), Netherlands(6), Singapore(3)",1800,0.06,513,California
WESCO International,11,"Hong Kong(1), Netherlands(8), Singapore(2)",597,,,Pennsylvania
Western Digital,17,"Bermuda(1), Cayman Islands(6), Hong Kong(2), Ireland(1), Netherlands(2), Singapore(5)",9400,0.02,3100,California
Western Union,44,"Barbados(1), Bermuda(14), Costa Rica(1), Hong Kong(2), Ireland(12), Luxembourg(4), Malta(3), Panama(2), Singapore(4), Switzerland(1)",7500,,,Colorado
Weyerhaeuser,5,"Barbados(2), British Virgin Islands(1), Hong Kong(2)",27,,,Washington
WhirlPool,37,"Bermuda(2), British Virgin Islands(1), Hong Kong(4), Ireland(3), Luxembourg(13), Mauritius(1), Netherlands(6), Netherlands Antilles(1), Singapore(2), Switzerland(4)",4900,,,Michigan
Williams,12,"Bermuda(1), Cayman Islands(8), Netherlands(3)",,,,Oklahoma
World Fuel Services,37,"Bahamas(1), British Virgin Islands(1), Cayman Islands(4), Costa Rica(8), Gibraltar(2), Hong Kong(1), Ireland(2), Luxembourg(2), Netherlands(10), Panama(2), Singapore(3), Switzerland(1)",1300,,,Florida
Wyndham Worldwide,1,Netherlands(1),,,,New Jersey
Wynn Resorts,14,"Cayman Islands(4), Hong Kong(1), Isle of Man(5), Macau(4)",412,0,144,Nevada
Xerox,51,"Barbados(4), Bermuda(8), Channel Islands(1), Cyprus(1), Hong Kong(3), Ireland(6), Luxembourg(3), Malta(1), Mauritius(1), Netherlands(15), Singapore(2), St. Lucia(1), Switzerland(4), Turks and Caicos(1)",8500,,,Connecticut
Yum Brands,70,"Bahrain(1), British Virgin Islands(2), Cayman Islands(2), Cyprus(1), Hong Kong(10), Luxembourg(33), Macau(1), Malta(6), Netherlands(6), Singapore(7), Switzerland(1)",2000,,,Kentucky
